YearsExperience,Salary
0.5,35000
1,45000
1,40000
1,40000
1,35000
1,35000
1,35000
1,35000
1,100000
1,100000
1,100000
1,100000
1,100000
1,100000
1,100000
1,100000
1,100000
1,100000
1,100000
1,100000
1,100000
1,100000
1,90000
1,95000
1,90000
1,90000
1,90000
1,90000
1,90000
1,90000
1,95000
1,90000
1,90000
1,90000
1,90000
1,90000
1,90000
1,90000
1,92000
1,95000
1,90000
1,90000
1,90000
1,90000
1,90000
1,90000
1,90000
1,90000
1,90000
1,95000
1,90000
1,92000
1,90000
1,90000
1,90000
1,90000
1,90000
1,90000
1,90000
1,90000
1,90000
1,90000
1,60000
1,60000
1,55000
1,60000
1,60000
1,55000
1,60000
1,55000
1,55000
1,55000
1,55000
1,60000
1,60000
1,60000
1,60000
1,55000
1,55000
1,55000
1,60000
1,60000
1,55000
1,55000
1,55000
1,55000
1,55000
1,55000
1,55000
1,55000
1,55000
1,55000
1,55000
1,55000
1,55000
1,55000
1,55000
1,55000
1,55000
1,55000
1,55000
1,55000
1,55000
1,55000
1,55000
1,55000
1,55000
1,55000
1,55000
1,55000
1,55000
1,550
1,50000
1,50000
1,50000
1,50000
1,50000
1,50000
1,50000
1,50000
1,52731
1,119836
1,51265
1,52731
1,119836
1,51265
1,106132
1,47898
1,61095
1,579
1,50000
1,45000
1,50000
1,50000
1,50000
1,50000
1,50000
1,52807
1,106686
1,55935
1,55935
1,52807
1,106686
1,55935
1,55935
1,52807
1,106686
1,50000
1,50000
1,50000
1,50000
1,50000
1,50000
1,50000
1,50000
1,50000
1,50000
1,50000
1,50000
1,50000
1,50000
1,50000
1,45000
1,32000
1,32000
1,40000
1,30000
1,40000
1,32000
1,32000
1,40000
1,32000
1,32000
1,40000
1,32000
1,32000
1,40000
1,32000
1,32000
1,40000
1,32000
1,32000
1,32000
1,32000
1,40000
1,30000
1,40000
1,32000
1,32000
1,40000
1,32000
1,32000
1,40000
1,32000
1,32000
1,40000
1,32000
1,32000
1,40000
1,32000
1,32000
1,30000
1,35000
1,30000
1,35000
1,30000
1,35000
1,30000
1,35000
1,30000
1,35000
1,30000
1,35000
1,30000
1,35000
1,30000
1,35000
1,30000
1,30000
1,35000
1,30000
1,35000
1,30000
1,35000
1,30000
1,35000
1,30000
1,35000
1,30000
1,35000
1,30000
1,35000
1,30000
1,35000
1,30000
1,25000
1,35000
1,25000
1,35000
1,25000
1,35000
1,25000
1,35000
1,25000
1,35000
1,25000
1,35000
1,25000
1,35000
1,25000
1,35000
1,25000
1,25000
1,25000
1,25000
1,25000
1,25000
1,25000
1,25000
1,25000
1,25000
1,25000
1,25000
1,25000
1,25000
1,25000
1,25000
1,25000
1,25000
1,26000
1,26000
1,26000
1,26000
1,26000
1,26000
1,26000
1,26000
1,26000
1,26000
1,26000
1,26000
1,26000
1,26000
1,26000
1,26000
1,26000
1,26000
1,26000
1,26000
1,26000
1,26000
1,26000
1,26000
1,26000
1,26000
1,26000
1,26000
1,26000
1,26000
1,26000
1,26000
1,26000
1,26000
1,25000
1,25000
1,52000
1,25000
1,25000
1,52000
1,25000
1,25000
1,52000
1,25000
1,25000
1,52000
1,25000
1,25000
1,52000
1,25000
1,25000
1,52000
1,25000
1,25000
1,52000
1,25000
1,25000
1,52000
1,35000
1,32000
1,35000
1,32000
1,40000
1,32000
1,32000
1,35000
1,32000
1,32000
1,40000
1,32000
1,32000
1,35000
1,32000
1,45000
1,30000
1,45000
1,30000
1,45000
1,30000
1,45000
1,30000
1,45000
1,30000
1,45000
1,30000
1,45000
1,30000
1,45000
1,30000
1,45000
1,30000
1,45000
1,30000
1,45000
1,30000
1,45000
1,30000
1,45000
1,30000
1,30000
1,30000
1,30000
1,30000
1,30000
1,30000
1,30000
1,30000
1,30000
1,30000
1,30000
1,30000
1,30000
1,30000
1,30000
1,30000
1,30000
1,30000
1,60000
1,55000
1,55000
1,60000
1,55000
1,55000
1,60000
1,55000
1,55000
1,60000
1,55000
1,55000
1,60000
1,55000
1,55000
1,55000
1,55000
1,55000
1,55000
1,55000
1,55000
1,55000
1,55000
1,55000
1,55000
1,55000
1,55000
1,55000
1,55000
1,55000
1,55000
1,55000
1,55000
1,55000
1,55000
1,55000
1,55000
1,55000
1,55000
1,60000
1,55000
1,55000
1,55000
1,55000
1,55000
1,55000
1,55000
1,55000
1,45000
1,30000
1,50000
1,60000
1,60000
1,60000
1,60000
1,60000
1,60000
1,60000
1,45000
1,30000
1,50000
1,60000
1,60000
1,60000
1,60000
1,60000
1,60000
1,60000
1,45000
1,30000
1,50000
1,60000
1,60000
1,60000
1,60000
1,60000
1,60000
1,60000
1,30000
1,45000
1,60000
1,60000
1,60000
1,60000
1,60000
1,60000
1,60000
1,60000
1,60000
1,60000
1,60000
1,60000
1,60000
1,60000
1,60000
1,35000
1,35000
1,35000
1,35000
1,35000
1,35000
1,30000
1,35000
1,35000
1,30000
1,35000
1,35000
1,35000
1,35000
1,35000
1,35000
1,35000
1,35000
1,35000
1,35000
1,35000
1,35000
1,35000
1,35000
1,35000
1,35000
1,35000
1,35000
1,35000
1,35000
1,35000
1,35000
1,35000
1,35000
1,35000
1,35000
1,35000
1,35000
1,35000
1,35000
1,35000
1,35000
1,35000
1,35000
1,35000
1,35000
1,35000
1,35000
1,35000
1,35000
1,35000
1,35000
1,35000
1,35000
1,35000
1,35000
1,35000
1,35000
1,35000
1,35000
1.5,40000
1.5,35000
1.5,45000
1.5,35000
1.5,45000
1.5,35000
1.5,50000
1.5,40000
1.5,350
1.5,40000
1.5,35000
1.5,35000
2,55000
2,40000
2,50000
2,45000
2,40000
2,65000
2,40000
2,40000
2,45000
2,40000
2,40000
2,40000
2,35000
2,40000
2,40000
2,40000
2,40000
2,40000
2,40000
2,40000
2,40000
2,40000
2,40000
2,40000
2,40000
2,40000
2,40000
2,40000
2,40000
2,40000
2,40000
2,120000
2,110000
2,115000
2,120000
2,110000
2,115000
2,120000
2,110000
2,115000
2,120000
2,110000
2,115000
2,115000
2,120000
2,110000
2,115000
2,115000
2,115000
2,115000
2,115000
2,110000
2,110000
2,110000
2,110000
2,110000
2,110000
2,110000
2,125000
2,115000
2,110000
2,110000
2,110000
2,110000
2,110000
2,115000
2,110000
2,110000
2,110000
2,110000
2,110000
2,110000
2,110000
2,110000
2,110000
2,110000
2,115000
2,110000
2,110000
2,110000
2,110000
2,110000
2,110000
2,110000
2,110000
2,110000
2,110000
2,110000
2,100000
2,95000
2,100000
2,95000
2,100000
2,95000
2,100000
2,95000
2,100000
2,95000
2,100000
2,95000
2,100000
2,95000
2,100000
2,95000
2,100000
2,95000
2,100000
2,95000
2,100000
2,95000
2,100000
2,95000
2,100000
2,90000
2,90000
2,90000
2,90000
2,90000
2,75000
2,70000
2,70000
2,75000
2,70000
2,70000
2,70000
2,70000
2,70000
2,70000
2,70000
2,70000
2,70000
2,70000
2,65000
2,65000
2,70000
2,70000
2,70000
2,70000
2,70000
2,70000
2,70000
2,70000
2,70000
2,70000
2,70000
2,70000
2,70000
2,70000
2,75000
2,70000
2,70000
2,70000
2,70000
2,70000
2,70000
2,70000
2,70000
2,70000
2,70000
2,70000
2,70000
2,70000
2,70000
2,70000
2,65000
2,65000
2,65000
2,65000
2,65000
2,65000
2,65000
2,65000
2,65000
2,65000
2,65000
2,65000
2,65000
2,65000
2,65000
2,65000
2,65000
2,65000
2,65000
2,65000
2,65000
2,65000
2,65000
2,65000
2,55000
2,65000
2,65000
2,65000
2,65000
2,65000
2,65000
2,65000
2,65000
2,65000
2,60000
2,55000
2,60000
2,60000
2,55000
2,60000
2,60000
2,55000
2,60000
2,60000
2,55000
2,60000
2,60000
2,55000
2,60000
2,60000
2,55000
2,60000
2,60000
2,55000
2,60000
2,90249
2,69032
2,62852
2,90249
2,69032
2,62852
2,62807
2,63901
2,65000
2,60000
2,50000
2,60000
2,55000
2,60000
2,60000
2,55000
2,60000
2,60000
2,55000
2,60000
2,60000
2,55000
2,60000
2,60000
2,55000
2,60000
2,60000
2,55000
2,60000
2,64182
2,65840
2,65840
2,64182
2,65840
2,65840
2,64182
2,63789
2,60000
2,55000
2,60000
2,60000
2,55000
2,60000
2,60000
2,55000
2,60000
2,60000
2,55000
2,60000
2,60000
2,55000
2,60000
2,60000
2,55000
2,60000
2,60000
2,55000
2,60000
2,60000
2,60000
2,55000
2,60000
2,60000
2,55000
2,60000
2,60000
2,55000
2,60000
2,60000
2,55000
2,60000
2,60000
2,55000
2,60000
2,60000
2,55000
2,60000
2,60000
2,55000
2,60000
2,50000
2,50000
2,50000
2,45000
2,45000
2,35000
2,35000
2,45000
2,45000
2,35000
2,45000
2,33000
2,35000
2,45000
2,33000
2,35000
2,45000
2,33000
2,35000
2,45000
2,33000
2,45000
2,45000
2,35000
2,35000
2,45000
2,45000
2,35000
2,45000
2,33000
2,35000
2,45000
2,33000
2,35000
2,45000
2,33000
2,35000
2,45000
2,33000
2,40000
2,35000
2,35000
2,35000
2,35000
2,35000
2,35000
2,35000
2,35000
2,40000
2,35000
2,35000
2,35000
2,35000
2,35000
2,35000
2,35000
2,35000
2,55000
2,30000
2,30000
2,30000
2,30000
2,30000
2,30000
2,30000
2,30000
2,45000
2,40000
2,35000
2,45000
2,35000
2,45000
2,35000
2,45000
2,35000
2,45000
2,35000
2,45000
2,35000
2,45000
2,35000
2,45000
2,35000
2,47000
2,41000
2,36000
2,36000
2,36000
2,36000
2,36000
2,36000
2,36000
2,36000
2,41000
2,47000
2,36000
2,36000
2,36000
2,36000
2,36000
2,36000
2,36000
2,36000
2,45000
2,37000
2,37000
2,37000
2,37000
2,37000
2,37000
2,37000
2,37000
2,45000
2,50000
2,43000
2,48000
2,42000
2,42000
2,40000
2,55000
2,50000
2,45000
2,50000
2,38000
2,43000
2,42000
2,42000
2,43000
2,48000
2,42000
2,42000
2,40000
2,55000
2,50000
2,45000
2,50000
2,38000
2,43000
2,42000
2,42000
2,43000
2,50000
2,50000
2,50000
2,50000
2,50000
2,50000
2,50000
2,50000
2,50000
2,50000
2,50000
2,50000
2,48000
2,31000
2,48000
2,31000
2,48000
2,31000
2,48000
2,31000
2,48000
2,31000
2,48000
2,31000
2,48000
2,31000
2,48000
2,31000
2,48000
2,31000
2,48000
2,31000
2,48000
2,31000
2,48000
2,31000
2,48000
2,55000
2,50000
2,50000
2,50000
2,50000
2,50000
2,50000
2,50000
2,50000
2,50000
2,50000
2,50000
2,50000
2,50000
2,50000
2,50000
2,50000
2,50000
2,50000
2,50000
2,50000
2,50000
2,50000
2,50000
2,50000
2,50000
2,50000
2,50000
2,50000
2,50000
2,50000
2,50000
2,50000
2,50000
2,50000
2,50000
2,50000
2,50000
2,50000
2,50000
2,50000
2,50000
2,50000
2,50000
2,50000
2,50000
2,50000
2,50000
2,50000
2,50000
2,65000
2,55000
2,55000
2,55000
2,55000
2,55000
2,55000
2,55000
2,55000
2,65000
2,65000
2,55000
2,55000
2,55000
2,55000
2,55000
2,55000
2,55000
2,65000
2,65000
2,55000
2,55000
2,55000
2,55000
2,55000
2,55000
2,55000
2,50000
2,55000
2,55000
2,55000
2,55000
2,55000
2,55000
2,55000
2,75000
2,70000
2,55000
2,55000
2,55000
2,55000
2,55000
2,55000
2,55000
2,55000
2,55000
2,45000
2,35000
2,40000
2,40000
2,40000
2,35000
2,40000
2,40000
2,40000
2,40000
2,40000
2,40000
2,40000
2,40000
2,40000
2,40000
2,40000
2,40000
2,40000
2,40000
2,40000
2,40000
2,40000
2,40000
2,40000
2,40000
2,40000
2,40000
2,40000
2,40000
2,40000
2,40000
2,40000
2,40000
2,40000
2,40000
2,40000
3,65000
3,75000
3,45000
3,75000
3,60000
3,50000
3,50000
3,55000
3,40000
3,50000
3,45000
3,45000
3,45000
3,45000
3,45000
3,45000
3,45000
3,45000
3,45000
3,50000
3,50000
3,50000
3,55000
3,50000
3,55000
3,50000
3,50000
3,55000
3,50000
3,50000
3,125000
3,130000
3,130000
3,125000
3,130000
3,130000
3,125000
3,130000
3,130000
3,125000
3,130000
3,130000
3,130000
3,125000
3,130000
3,130000
3,130000
3,130000
3,130000
3,130000
3,130000
3,130000
3,130000
3,130000
3,130000
3,130000
3,130000
3,130000
3,135000
3,130000
3,130000
3,130000
3,130000
3,130000
3,125000
3,130000
3,135000
3,130000
3,130000
3,130000
3,130000
3,130000
3,130000
3,130000
3,130000
3,130000
3,130000
3,135000
3,130000
3,130000
3,130000
3,130000
3,130000
3,130000
3,130000
3,130000
3,130000
3,130000
3,130000
3,130000
3,130000
3,130000
3,180000
3,120000
3,120000
3,120000
3,120000
3,120000
3,120000
3,120000
3,120000
3,120000
3,120000
3,120000
3,120000
3,120000
3,120000
3,100000
3,110000
3,100000
3,110000
3,100000
3,110000
3,100000
3,110000
3,100000
3,110000
3,100000
3,90000
3,90000
3,90000
3,80000
3,85000
3,95000
3,100000
3,80000
3,80000
3,80000
3,90000
3,100000
3,80000
3,100000
3,80000
3,85000
3,80000
3,90000
3,100000
3,80000
3,80000
3,100000
3,80000
3,80000
3,80000
3,80000
3,80000
3,80000
3,100000
3,80000
3,80000
3,80000
3,80000
3,80000
3,100000
3,80000
3,80000
3,90000
3,85000
3,90000
3,85000
3,90000
3,85000
3,90000
3,85000
3,90000
3,85000
3,90000
3,85000
3,90000
3,80000
3,80000
3,80000
3,80000
3,80000
3,80000
3,80000
3,80000
3,80000
3,80000
3,80000
3,80000
3,80000
3,80000
3,80000
3,80000
3,80000
3,80000
3,80000
3,80000
3,80000
3,80000
3,65000
3,70000
3,70000
3,70000
3,70000
3,70000
3,70000
3,70000
3,70000
3,75072
3,75072
3,72649
3,68611
3,68472
3,75000
3,65000
3,70000
3,70000
3,70000
3,70000
3,70000
3,70000
3,73640
3,73218
3,70397
3,70216
3,70397
3,70216
3,73640
3,73218
3,70397
3,70216
3,70397
3,70216
3,73640
3,73218
3,91397
3,67556
3,88678
3,70000
3,70000
3,70000
3,70000
3,70000
3,70000
3,70000
3,70000
3,70000
3,70000
3,70000
3,70000
3,70000
3,70000
3,70000
3,70000
3,38000
3,50000
3,55000
3,55000
3,38000
3,55000
3,50000
3,50000
3,50000
3,50000
3,38000
3,50000
3,55000
3,55000
3,38000
3,55000
3,50000
3,50000
3,50000
3,50000
3,60000
3,60000
3,50000
3,60000
3,50000
3,60000
3,50000
3,60000
3,50000
3,60000
3,50000
3,60000
3,50000
3,60000
3,50000
3,60000
3,60000
3,60000
3,50000
3,60000
3,50000
3,60000
3,50000
3,60000
3,50000
3,60000
3,50000
3,60000
3,50000
3,60000
3,50000
3,60000
3,45000
3,60000
3,50000
3,60000
3,50000
3,60000
3,50000
3,60000
3,50000
3,60000
3,50000
3,60000
3,50000
3,60000
3,50000
3,60000
3,60000
3,49000
3,49000
3,49000
3,49000
3,49000
3,49000
3,49000
3,49000
3,49000
3,49000
3,49000
3,49000
3,49000
3,49000
3,62000
3,61000
3,61000
3,61000
3,61000
3,61000
3,61000
3,61000
3,61000
3,60000
3,50000
3,60000
3,45000
3,60000
3,60000
3,50000
3,60000
3,45000
3,60000
3,55000
3,55000
3,55000
3,55000
3,55000
3,55000
3,55000
3,55000
3,55000
3,55000
3,55000
3,55000
3,55000
3,55000
3,55000
3,55000
3,55000
3,55000
3,55000
3,55000
3,55000
3,55000
3,55000
3,55000
3,52000
3,52000
3,52000
3,52000
3,52000
3,52000
3,52000
3,52000
3,52000
3,52000
3,52000
3,52000
3,65000
3,65000
3,65000
3,65000
3,65000
3,65000
3,65000
3,65000
3,65000
3,50000
3,65000
3,65000
3,65000
3,65000
3,65000
3,65000
3,65000
3,65000
3,60000
3,55000
3,60000
3,60000
3,60000
3,55000
3,60000
3,60000
3,60000
3,55000
3,60000
3,60000
3,60000
3,55000
3,60000
3,60000
3,60000
3,85000
3,55000
3,60000
3,60000
3,85000
3,55000
3,60000
3,60000
3,85000
3,55000
3,60000
3,60000
3,85000
3,55000
3,60000
3,60000
3,85000
3,55000
3,85000
3,55000
3,60000
3,60000
3,85000
3,55000
3,60000
3,60000
3,85000
3,55000
3,60000
3,60000
3,85000
3,55000
3,60000
3,60000
3,85000
3,35000
3,60000
3,80000
3,60000
3,80000
3,60000
3,80000
3,60000
3,80000
3,60000
3,80000
3,60000
3,80000
3,60000
3,80000
3,60000
3,80000
3,60000
3,60000
3,75000
3,65000
3,80000
3,60000
3,80000
3,60000
3,80000
3,60000
3,80000
3,60000
3,80000
3,60000
3,80000
3,60000
3,80000
3,60000
3,80000
3,75000
3,60000
3,75000
3,65000
3,80000
3,60000
3,80000
3,60000
3,80000
3,60000
3,80000
3,60000
3,80000
3,60000
3,80000
3,60000
3,80000
3,60000
3,60000
3,65000
3,75000
3,65000
3,80000
3,60000
3,80000
3,60000
3,80000
3,60000
3,80000
3,60000
3,80000
3,60000
3,80000
3,60000
3,80000
3,60000
3,70000
3,70000
3,70000
3,70000
3,80000
3,65000
3,80000
3,65000
3,80000
3,65000
3,80000
3,65000
3,80000
3,65000
3,80000
3,65000
3,80000
3,65000
3,60000
3,80000
3,65000
3,80000
3,65000
3,80000
3,65000
3,80000
3,65000
3,80000
3,65000
3,80000
3,65000
3,80000
3,65000
3,80000
3,65000
3,40000
3,50000
3,40000
3,50000
3,40000
3,50000
3,45000
3,40000
3,50000
3,50000
3,45000
3,40000
3,50000
3,40000
3,45000
3,50000
3,50000
3,50000
3,50000
3,50000
3,50000
3,50000
3,45000
3,40000
3,45000
3,50000
3,50000
3,50000
3,50000
3,50000
3,50000
3,50000
3,45000
3,45000
3,40000
3,50000
3,40000
3,50000
3,40000
3,50000
3,40000
3,50000
4,80000
4,55000
4,55000
4,50000
4,50000
4,60000
4,50000
4,50000
4,50000
4,60000
4,60000
4,60000
4,65000
4,60000
4,60000
4,65000
4,60000
4,60000
4,60000
4,60000
4,140000
4,140000
4,140000
4,140000
4,140000
4,140000
4,140000
4,140000
4,140000
4,140000
4,140000
4,140000
4,140000
4,140000
4,140000
4,150000
4,140000
4,140000
4,150000
4,140000
4,150000
4,140000
4,140000
4,140000
4,140000
4,140000
4,150000
4,140000
4,140000
4,150000
4,140000
4,150000
4,140000
4,140000
4,140000
4,140000
4,150000
4,140000
4,140000
4,150000
4,140000
4,150000
4,140000
4,140000
4,140000
4,140000
4,140000
4,140000
4,140000
4,140000
4,140000
4,140000
4,150000
4,140000
4,140000
4,140000
4,140000
4,140000
4,140000
4,140000
4,140000
4,140000
4,140000
4,140000
4,140000
4,150000
4,182000
4,160000
4,160000
4,130000
4,160000
4,160000
4,160000
4,160000
4,160000
4,160000
4,160000
4,160000
4,160000
4,160000
4,160000
4,160000
4,160000
4,160000
4,160000
4,160000
4,160000
4,95000
4,115000
4,95000
4,110000
4,95000
4,110000
4,95000
4,110000
4,110000
4,110000
4,95000
4,90000
4,95000
4,90000
4,90000
4,90000
4,90000
4,90000
4,90000
4,90000
4,90000
4,90000
4,90000
4,90000
4,90000
4,90000
4,90000
4,90000
4,90000
4,90000
4,90000
4,90000
4,90000
4,90000
4,75000
4,80000
4,75000
4,80000
4,75000
4,80000
4,75000
4,80000
4,75000
4,80000
4,75000
4,80000
4,75000
4,80000
4,73895
4,104702
4,82683
4,102859
4,73938
4,73895
4,104702
4,82683
4,102859
4,73938
4,90452
4,75656
4,71699
4,79767
4,89843
4,90944
4,70022
4,85825
4,68732
4,75969
4,76898
4,90000
4,70000
4,70000
4,80000
4,75000
4,80000
4,75000
4,80000
4,75000
4,80000
4,75000
4,80000
4,75000
4,80000
4,92438
4,77606
4,72389
4,80247
4,91062
4,91397
4,92438
4,77606
4,72389
4,80247
4,91062
4,91397
4,92438
4,77606
4,72389
4,80247
4,91062
4,82944
4,83577
4,79652
4,82697
4,80000
4,80000
4,75000
4,80000
4,75000
4,80000
4,75000
4,80000
4,75000
4,80000
4,75000
4,80000
4,75000
4,80000
4,80000
4,75000
4,80000
4,75000
4,80000
4,75000
4,80000
4,75000
4,80000
4,75000
4,80000
4,75000
4,80000
4,75000
4,80000
4,60000
4,75000
4,55000
4,65000
4,65000
4,70000
4,65000
4,70000
4,65000
4,70000
4,65000
4,70000
4,65000
4,70000
4,65000
4,65000
4,70000
4,65000
4,70000
4,65000
4,70000
4,65000
4,70000
4,65000
4,70000
4,55000
4,65000
4,65000
4,65000
4,65000
4,65000
4,65000
4,65000
4,65000
4,55000
4,65000
4,65000
4,65000
4,65000
4,65000
4,65000
4,65000
4,65000
4,60000
4,65000
4,65000
4,65000
4,65000
4,65000
4,65000
4,65000
4,65000
4,70000
4,70000
4,70000
4,70000
4,70000
4,70000
4,70000
4,70000
4,62000
4,71000
4,71000
4,71000
4,71000
4,71000
4,71000
4,71000
4,71000
4,58000
4,58000
4,58000
4,58000
4,58000
4,58000
4,58000
4,58000
4,70000
4,65000
4,50000
4,70000
4,65000
4,70000
4,65000
4,65000
4,50000
4,70000
4,65000
4,70000
4,65000
4,65000
4,500
4,57000
4,57000
4,57000
4,57000
4,57000
4,57000
4,57000
4,57000
4,57000
4,57000
4,57000
4,57000
4,57000
4,57000
4,57000
4,57000
4,57000
4,57000
4,57000
4,57000
4,57000
4,57000
4,57000
4,57000
4,80000
4,80000
4,80000
4,80000
4,80000
4,80000
4,80000
4,80000
4,80000
4,80000
4,80000
4,80000
4,80000
4,80000
4,80000
4,80000
4,80000
4,80000
4,80000
4,80000
4,80000
4,80000
4,65000
4,65000
4,80000
4,65000
4,65000
4,80000
4,65000
4,65000
4,80000
4,65000
4,65000
4,80000
4,65000
4,65000
4,65000
4,65000
4,65000
4,65000
4,65000
4,65000
4,65000
4,65000
4,65000
4,65000
4,65000
4,65000
4,65000
4,65000
4,65000
4,65000
4,65000
4,65000
4,65000
4,65000
4,65000
4,65000
4,65000
4,65000
4,80000
4,70000
4,70000
4,70000
4,70000
4,70000
4,70000
4,70000
4,70000
4,90000
4,70000
4,70000
4,70000
4,70000
4,70000
4,70000
4,70000
4,70000
4,70000
4,90000
4,70000
4,70000
4,70000
4,70000
4,70000
4,70000
4,70000
4,70000
4,90000
4,70000
4,70000
4,70000
4,70000
4,70000
4,70000
4,70000
4,70000
4,65000
4,75000
4,75000
4,75000
4,75000
4,75000
4,75000
4,75000
4,75000
4,75000
4,75000
4,75000
4,75000
4,75000
4,75000
4,75000
4,75000
4,75000
4,75000
4,75000
4,60000
4,60000
4,55000
4,55000
4,60000
4,60000
4,55000
4,55000
4,55000
4,55000
4,55000
4,55000
4,55000
4,55000
4,55000
4,55000
4,55000
4,55000
4,55000
4,55000
4,55000
4,55000
4,55000
4,55000
4,55000
4,55000
4,55000
4,55000
4,55000
4,55000
4,55000
4,55000
4,55000
4,55000
4,55000
4,55000
4,55000
4,55000
4,55000
4,55000
4,55000
4,55000
4,55000
4,55000
4,55000
4,55000
4,55000
4,55000
4,55000
5,90000
5,80000
5,80000
5,75000
5,45000
5,45000
5,50000
5,50000
5,50000
5,50000
5,55000
5,70000
5,70000
5,70000
5,70000
5,70000
5,70000
5,180000
5,145000
5,145000
5,180000
5,145000
5,145000
5,180000
5,145000
5,145000
5,180000
5,145000
5,145000
5,145000
5,180000
5,145000
5,145000
5,145000
5,145000
5,145000
5,160000
5,160000
5,160000
5,160000
5,160000
5,160000
5,160000
5,160000
5,160000
5,160000
5,160000
5,160000
5,160000
5,160000
5,160000
5,160000
5,160000
5,160000
5,160000
5,160000
5,160000
5,165000
5,160000
5,160000
5,160000
5,160000
5,160000
5,160000
5,160000
5,160000
5,160000
5,160000
5,160000
5,160000
5,160000
5,160000
5,165000
5,160000
5,160000
5,160000
5,160000
5,160000
5,160000
5,160000
5,160000
5,160000
5,160000
5,160000
5,160000
5,135000
5,140000
5,150000
5,150000
5,140000
5,150000
5,150000
5,150000
5,150000
5,150000
5,150000
5,150000
5,150000
5,150000
5,150000
5,150000
5,120000
5,150000
5,125000
5,150000
5,125000
5,150000
5,125000
5,150000
5,125000
5,150000
5,110000
5,115000
5,105000
5,120000
5,120000
5,120000
5,120000
5,95000
5,105000
5,105000
5,105000
5,105000
5,105000
5,105000
5,105000
5,105000
5,105000
5,105000
5,105000
5,105000
5,105000
5,100000
5,100000
5,100000
5,100000
5,100000
5,100000
5,100000
5,100000
5,100000
5,100000
5,105000
5,100000
5,105000
5,100000
5,105000
5,100000
5,105000
5,100000
5,105000
5,100000
5,105000
5,100000
5,105000
5,100000
5,105000
5,100000
5,105000
5,100000
5,105000
5,100000
5,105000
5,100000
5,105000
5,100000
5,105000
5,100000
5,105000
5,100000
5,100000
5,105000
5,100000
5,105000
5,100000
5,105000
5,100000
5,105000
5,100000
5,105000
5,100000
5,90000
5,90000
5,90000
5,90000
5,90000
5,90000
5,90000
5,78354
5,76742
5,99747
5,98568
5,78354
5,76742
5,99747
5,98568
5,106278
5,84407
5,102465
5,100425
5,102868
5,80000
5,90000
5,90000
5,90000
5,90000
5,90000
5,90000
5,84181
5,102828
5,100867
5,101733
5,101733
5,84181
5,102828
5,100867
5,101733
5,101733
5,84181
5,102828
5,100867
5,100151
5,77766
5,87584
5,100000
5,90000
5,90000
5,90000
5,90000
5,90000
5,90000
5,90000
5,90000
5,90000
5,90000
5,90000
5,90000
5,90000
5,90000
5,80000
5,80000
5,70000
5,70000
5,70000
5,70000
5,70000
5,70000
5,80000
5,70000
5,70000
5,70000
5,70000
5,70000
5,70000
5,70000
5,70000
5,70000
5,70000
5,70000
5,70000
5,70000
5,70000
5,70000
5,70000
5,70000
5,70000
5,70000
5,70000
5,70000
5,70000
5,70000
5,80000
5,80000
5,80000
5,80000
5,80000
5,80000
5,80000
5,80000
5,80000
5,75000
5,75000
5,75000
5,75000
5,75000
5,75000
5,75000
5,75000
5,68000
5,74000
5,60000
5,70000
5,60000
5,70000
5,60000
5,70000
5,70000
5,70000
5,70000
5,70000
5,70000
5,70000
5,70000
5,70000
5,70000
5,70000
5,70000
5,85000
5,85000
5,85000
5,85000
5,85000
5,85000
5,85000
5,85000
5,85000
5,85000
5,85000
5,85000
5,85000
5,85000
5,85000
5,85000
5,85000
5,85000
5,85000
5,100000
5,100000
5,100000
5,100000
5,100000
5,100000
5,100000
5,100000
5,100000
5,100000
5,90000
5,85000
5,85000
5,85000
5,85000
5,85000
5,85000
5,85000
5,85000
5,80000
5,90000
5,90000
5,90000
5,90000
5,90000
5,90000
5,90000
5,80000
5,90000
5,90000
5,90000
5,90000
5,90000
5,90000
5,90000
5,80000
5,90000
5,90000
5,90000
5,90000
5,90000
5,90000
5,90000
5,85000
5,95000
5,95000
5,95000
5,95000
5,95000
5,95000
5,95000
5,95000
5,95000
5,95000
5,95000
5,95000
5,95000
5,95000
5,95000
5,95000
5,70000
5,70000
5,70000
5,70000
5,70000
5,70000
5,70000
5,70000
5,70000
5,70000
5,70000
5,70000
5,70000
6,65000
6,90000
6,65000
6,100000
6,55000
6,90000
6,95000
6,95000
6,100000
6,70000
6,100000
6,80000
6,160000
6,155000
6,155000
6,155000
6,155000
6,155000
6,155000
6,155000
6,155000
6,155000
6,155000
6,155000
6,155000
6,155000
6,155000
6,180000
6,175000
6,180000
6,180000
6,180000
6,180000
6,180000
6,180000
6,180000
6,180000
6,175000
6,170000
6,180000
6,180000
6,180000
6,180000
6,180000
6,180000
6,180000
6,170000
6,170000
6,180000
6,180000
6,180000
6,180000
6,180000
6,180000
6,180000
6,180000
6,180000
6,180000
6,180000
6,180000
6,180000
6,180000
6,180000
6,180000
6,180000
6,180000
6,180000
6,180000
6,180000
6,180000
6,180000
6,180000
6,180000
6,175000
6,150000
6,150000
6,170000
6,150000
6,150000
6,150000
6,150000
6,150000
6,150000
6,150000
6,150000
6,150000
6,150000
6,170000
6,150000
6,155000
6,120000
6,170000
6,150000
6,155000
6,120000
6,170000
6,150000
6,155000
6,120000
6,170000
6,150000
6,155000
6,120000
6,170000
6,150000
6,155000
6,130000
6,125000
6,130000
6,125000
6,125000
6,130000
6,130000
6,130000
6,130000
6,130000
6,130000
6,125000
6,130000
6,130000
6,120000
6,130000
6,130000
6,125000
6,125000
6,130000
6,125000
6,125000
6,120000
6,130000
6,125000
6,130000
6,125000
6,130000
6,125000
6,125000
6,130000
6,125000
6,110000
6,110000
6,110000
6,110000
6,110000
6,110000
6,110000
6,110000
6,110000
6,110000
6,110000
6,110000
6,115000
6,115000
6,115000
6,115000
6,115000
6,115000
6,115000
6,115000
6,115000
6,115000
6,115000
6,115000
6,115000
6,115000
6,115000
6,115000
6,115000
6,115000
6,115000
6,115000
6,115000
6,115000
6,115000
6,115000
6,115000
6,115000
6,115000
6,115000
6,115000
6,115000
6,115000
6,115000
6,115000
6,115000
6,110000
6,115000
6,115000
6,115000
6,115000
6,115000
6,115000
6,115000
6,115000
6,115000
6,115000
6,115000
6,115000
6,115000
6,115000
6,110000
6,115000
6,115000
6,115000
6,115000
6,115000
6,95000
6,110000
6,115000
6,115000
6,115000
6,115000
6,115000
6,120000
6,132720
6,105725
6,101186
6,132720
6,105725
6,101186
6,88035
6,113563
6,99363
6,106662
6,89995
6,107906
6,108607
6,113065
6,110000
6,103579
6,88552
6,114290
6,110707
6,104378
6,110707
6,104378
6,103579
6,88552
6,114290
6,110707
6,104378
6,110707
6,104378
6,103579
6,88552
6,114290
6,91903
6,100358
6,90000
6,80000
6,80000
6,80000
6,80000
6,80000
6,80000
6,80000
6,80000
6,80000
6,80000
6,75000
6,75000
6,75000
6,75000
6,75000
6,75000
6,75000
6,75000
6,75000
6,75000
6,75000
6,75000
6,75000
6,75000
6,75000
6,75000
6,75000
6,75000
6,75000
6,75000
6,75000
6,75000
6,75000
6,75000
6,75000
6,75000
6,75000
6,75000
6,75000
6,75000
6,75000
6,75000
6,75000
6,75000
6,75000
6,75000
6,75000
6,75000
6,75000
6,75000
6,75000
6,75000
6,75000
6,75000
6,75000
6,75000
6,75000
6,90000
6,90000
6,90000
6,90000
6,90000
6,90000
6,90000
6,85000
6,85000
6,85000
6,85000
6,85000
6,85000
6,85000
6,85000
6,85000
6,85000
6,85000
6,85000
6,85000
6,85000
6,85000
6,85000
6,85000
6,77000
6,77000
6,77000
6,77000
6,77000
6,77000
6,77000
6,77000
6,95000
6,80000
6,80000
6,95000
6,80000
6,80000
6,95000
6,72000
6,72000
6,72000
6,72000
6,72000
6,72000
6,72000
6,72000
6,72000
6,72000
6,72000
6,72000
6,95000
6,105000
6,95000
6,105000
6,95000
6,105000
6,95000
6,105000
6,95000
6,105000
6,95000
6,105000
6,95000
6,105000
6,95000
6,105000
6,95000
6,105000
6,95000
6,100000
6,95000
6,105000
6,95000
6,105000
6,95000
6,105000
6,95000
6,105000
6,95000
6,105000
6,95000
6,105000
6,95000
6,105000
6,95000
6,105000
6,95000
6,100000
6,100000
6,100000
6,100000
6,100000
6,100000
6,100000
6,100000
6,100000
6,100000
6,100000
6,100000
6,100000
6,100000
6,100000
6,100000
6,110000
6,100000
6,110000
6,100000
6,110000
6,115000
6,75000
6,75000
6,75000
6,75000
6,75000
6,75000
6,75000
6,75000
6,75000
6,75000
6,75000
6,
6,75000
6,75000
6,75000
6,75000
6,75000
6,75000
6,75000
6,75000
6,75000
6,75000
6,75000
6,75000
7,60000
7,90000
7,60000
7,85000
7,105000
7,75000
7,60000
7,60000
7,115000
7,80000
7,85000
7,95000
7,90000
7,100000
7,90000
7,90000
7,90000
7,90000
7,170000
7,170000
7,170000
7,170000
7,170000
7,185000
7,185000
7,185000
7,185000
7,185000
7,185000
7,185000
7,185000
7,185000
7,185000
7,185000
7,185000
7,185000
7,180000
7,185000
7,185000
7,185000
7,185000
7,185000
7,185000
7,185000
7,185000
7,185000
7,185000
7,185000
7,185000
7,185000
7,185000
7,185000
7,185000
7,185000
7,185000
7,185000
7,185000
7,185000
7,185000
7,185000
7,185000
7,142000
7,170000
7,170000
7,170000
7,170000
7,170000
7,170000
7,170000
7,170000
7,170000
7,170000
7,170000
7,170000
7,170000
7,180000
7,130000
7,130000
7,130000
7,130000
7,130000
7,130000
7,130000
7,130000
7,130000
7,130000
7,175000
7,140000
7,140000
7,140000
7,140000
7,140000
7,140000
7,140000
7,140000
7,140000
7,130000
7,140000
7,140000
7,140000
7,140000
7,135000
7,135000
7,135000
7,140000
7,135000
7,140000
7,135000
7,140000
7,135000
7,135000
7,120000
7,130000
7,130000
7,130000
7,130000
7,130000
7,130000
7,130000
7,130000
7,130000
7,100000
7,130000
7,130000
7,130000
7,130000
7,130000
7,130000
7,130000
7,120000
7,130000
7,130000
7,130000
7,120000
7,130000
7,130000
7,95000
7,110000
7,110000
7,110000
7,110000
7,110000
7,110000
7,95845
7,115920
7,95845
7,115920
7,107718
7,103282
7,130000
7,120000
7,110000
7,110000
7,110000
7,110000
7,110000
7,108267
7,106218
7,106218
7,108267
7,106218
7,106218
7,108267
7,108204
7,108799
7,120000
7,110000
7,110000
7,110000
7,110000
7,110000
7,110000
7,110000
7,110000
7,110000
7,110000
7,110000
7,110000
7,110000
7,80000
7,89000
7,85000
7,85000
7,85000
7,85000
7,85000
7,89000
7,85000
7,85000
7,85000
7,85000
7,85000
7,90000
7,85000
7,85000
7,85000
7,85000
7,85000
7,85000
7,85000
7,85000
7,90000
7,96000
7,96000
7,96000
7,96000
7,96000
7,96000
7,96000
7,91000
7,85000
7,90000
7,90000
7,65000
7,85000
7,90000
7,90000
7,65000
7,100000
7,100000
7,100000
7,100000
7,100000
7,100000
7,100000
7,100000
7,100000
7,100000
7,100000
7,100000
7,110000
7,120000
7,110000
7,120000
7,110000
7,120000
7,110000
7,120000
7,110000
7,120000
7,110000
7,120000
7,110000
7,120000
7,110000
7,120000
7,110000
7,120000
7,110000
7,120000
7,120000
7,110000
7,120000
7,110000
7,120000
7,110000
7,120000
7,110000
7,120000
7,110000
7,120000
7,110000
7,120000
7,110000
7,120000
7,110000
7,110000
7,120000
7,120000
7,110000
7,120000
7,120000
7,110000
7,120000
7,120000
7,110000
7,120000
7,120000
7,110000
7,100000
7,120000
7,120000
7,120000
7,120000
7,120000
7,120000
7,120000
7,120000
7,120000
7,120000
7,100000
7,110000
7,120000
7,120000
7,120000
7,120000
7,120000
7,120000
7,120000
7,100000
7,110000
7,120000
7,120000
7,120000
7,120000
7,120000
7,120000
7,120000
7,120000
7,100000
7,110000
7,120000
7,120000
7,120000
7,120000
7,120000
7,120000
7,120000
7,110000
7,120000
7,120000
7,120000
7,120000
7,120000
7,120000
7,120000
7,120000
7,120000
7,120000
7,120000
7,120000
7,120000
7,120000
7,120000
7,120000
7,120000
7,90000
7,90000
7,90000
7,90000
7,90000
7,90000
7,90000
7,90000
7,90000
7,90000
7,90000
7,90000
7,90000
7,90000
7,90000
7,90000
7,90000
8,45000
8,90000
8,70000
8,95000
8,105000
8,90000
8,85000
8,85000
8,85000
8,95000
8,85000
8,95000
8,90000
8,95000
8,85000
8,95000
8,85000
8,95000
8,95000
8,90000
8,85000
8,110000
8,95000
8,90000
8,85000
8,190000
8,190000
8,190000
8,190000
8,190000
8,190000
8,190000
8,190000
8,190000
8,190000
8,190000
8,190000
8,190000
8,190000
8,190000
8,190000
8,190000
8,190000
8,190000
8,190000
8,190000
8,190000
8,190000
8,190000
8,190000
8,190000
8,190000
8,190000
8,190000
8,190000
8,190000
8,190000
8,190000
8,190000
8,190000
8,190000
8,190000
8,190000
8,190000
8,190000
8,190000
8,190000
8,190000
8,190000
8,190000
8,190000
8,190000
8,190000
8,190000
8,190000
8,190000
8,190000
8,190000
8,190000
8,165000
8,170000
8,180000
8,180000
8,180000
8,180000
8,180000
8,180000
8,180000
8,180000
8,180000
8,180000
8,180000
8,180000
8,180000
8,190000
8,180000
8,185000
8,180000
8,185000
8,180000
8,185000
8,180000
8,185000
8,180000
8,185000
8,155000
8,140000
8,150000
8,140000
8,140000
8,140000
8,140000
8,140000
8,140000
8,140000
8,140000
8,145000
8,140000
8,145000
8,140000
8,145000
8,140000
8,145000
8,140000
8,145000
8,140000
8,145000
8,140000
8,145000
8,140000
8,135000
8,140000
8,135000
8,140000
8,135000
8,140000
8,135000
8,140000
8,135000
8,140000
8,135000
8,140000
8,135000
8,140000
8,135000
8,140000
8,135000
8,140000
8,135000
8,140000
8,135000
8,140000
8,135000
8,140000
8,135000
8,140000
8,130000
8,140000
8,135000
8,140000
8,135000
8,140000
8,135000
8,140000
8,135000
8,140000
8,135000
8,140000
8,135000
8,140000
8,100000
8,100000
8,100000
8,100000
8,100000
8,100000
8,100000
8,122485
8,101332
8,139817
8,106492
8,107895
8,104127
8,122485
8,101332
8,139817
8,106492
8,107895
8,104127
8,100052
8,122581
8,121454
8,111535
8,123781
8,120000
8,130000
8,100000
8,100000
8,100000
8,100000
8,100000
8,100000
8,100000
8,124071
8,100679
8,122970
8,122354
8,124071
8,100679
8,122970
8,122354
8,124071
8,100679
8,122970
8,122354
8,120288
8,
8,130000
8,100000
8,100000
8,100000
8,100000
8,100000
8,100000
8,100000
8,100000
8,100000
8,100000
8,100000
8,100000
8,100000
8,100000
8,95000
8,95000
8,95000
8,95000
8,95000
8,95000
8,95000
8,95000
8,95000
8,95000
8,90000
8,85000
8,85000
8,85000
8,85000
8,85000
8,85000
8,85000
8,90000
8,85000
8,85000
8,85000
8,85000
8,85000
8,85000
8,85000
8,100000
8,95000
8,95000
8,95000
8,95000
8,95000
8,95000
8,95000
8,95000
8,95000
8,95000
8,92000
8,101000
8,92000
8,101000
8,92000
8,101000
8,92000
8,101000
8,92000
8,101000
8,92000
8,101000
8,92000
8,101000
8,92000
8,92000
8,104000
8,92000
8,104000
8,92000
8,104000
8,92000
8,104000
8,92000
8,104000
8,92000
8,104000
8,92000
8,104000
8,92000
8,80000
8,95000
8,90000
8,80000
8,95000
8,90000
8,120000
8,120000
8,120000
8,120000
8,120000
8,120000
8,120000
8,120000
8,120000
8,120000
8,120000
8,120000
8,105000
8,105000
8,105000
8,105000
8,105000
8,105000
8,105000
8,105000
8,105000
8,105000
8,105000
8,105000
8,120000
8,120000
8,120000
8,120000
8,120000
8,120000
8,120000
8,120000
8,120000
8,120000
8,120000
8,120000
8,120000
8,120000
8,120000
8,120000
8,120000
8,120000
8,120000
8,120000
8,120000
8,120000
8,120000
8,120000
8,120000
8,120000
8,120000
8,120000
8,120000
8,120000
8,120000
8,120000
8,140000
8,140000
8,140000
8,140000
8,140000
8,140000
8,140000
8,140000
8,120000
8,140000
8,140000
8,140000
8,140000
8,140000
8,140000
8,140000
8,140000
8,140000
8,120000
8,120000
8,140000
8,140000
8,140000
8,140000
8,140000
8,140000
8,140000
8,140000
8,120000
8,120000
8,140000
8,140000
8,140000
8,140000
8,140000
8,140000
8,140000
8,140000
8,120000
8,115000
8,135000
8,80000
8,80000
8,80000
8,80000
8,80000
8,80000
8,80000
8,80000
8,80000
8,80000
8,80000
8,80000
8,80000
8,80000
8,80000
8,80000
8,80000
8,80000
8,80000
8,80000
8,80000
8,80000
8,80000
8,80000
9,60000
9,95000
9,95000
9,95000
9,95000
9,105000
9,105000
9,100000
9,110000
9,110000
9,95000
9,120000
9,100000
9,110000
9,95000
9,110000
9,120000
9,100000
9,100000
9,120000
9,100000
9,100000
9,185000
9,185000
9,185000
9,185000
9,185000
9,185000
9,185000
9,185000
9,185000
9,185000
9,195000
9,195000
9,195000
9,195000
9,195000
9,195000
9,195000
9,195000
9,195000
9,195000
9,195000
9,195000
9,195000
9,195000
9,195000
9,195000
9,195000
9,195000
9,195000
9,195000
9,195000
9,195000
9,195000
9,195000
9,195000
9,195000
9,195000
9,195000
9,195000
9,195000
9,195000
9,195000
9,195000
9,195000
9,195000
9,195000
9,162000
9,190000
9,190000
9,190000
9,190000
9,190000
9,190000
9,190000
9,190000
9,190000
9,190000
9,190000
9,185000
9,185000
9,180000
9,185000
9,185000
9,180000
9,185000
9,185000
9,180000
9,185000
9,185000
9,180000
9,185000
9,185000
9,145000
9,155000
9,145000
9,150000
9,150000
9,145000
9,150000
9,145000
9,150000
9,145000
9,150000
9,150000
9,150000
9,150000
9,150000
9,150000
9,150000
9,150000
9,150000
9,150000
9,150000
9,150000
9,150000
9,150000
9,150000
9,150000
9,150000
9,120000
9,140000
9,120000
9,140000
9,120000
9,140000
9,120000
9,140000
9,120000
9,140000
9,120000
9,140000
9,120000
9,140000
9,126753
9,104661
9,126753
9,104661
9,130275
9,133326
9,136533
9,125091
9,126916
9,140000
9,140000
9,120000
9,140000
9,120000
9,140000
9,120000
9,140000
9,120000
9,140000
9,120000
9,140000
9,120000
9,131547
9,119918
9,136986
9,146075
9,132638
9,135596
9,146075
9,132638
9,135596
9,131547
9,119918
9,136986
9,146075
9,132638
9,135596
9,146075
9,132638
9,135596
9,131547
9,119918
9,136986
9,124141
9,117904
9,121120
9,121432
9,120000
9,140000
9,120000
9,140000
9,120000
9,140000
9,120000
9,140000
9,120000
9,140000
9,120000
9,140000
9,120000
9,140000
9,120000
9,140000
9,120000
9,140000
9,120000
9,140000
9,120000
9,140000
9,120000
9,140000
9,120000
9,140000
9,120000
9,140000
9,120000
9,120000
9,105000
9,95000
9,105000
9,95000
9,100000
9,100000
9,100000
9,100000
9,100000
9,100000
9,100000
9,100000
9,100000
9,110000
9,110000
9,110000
9,110000
9,110000
9,110000
9,110000
9,110000
9,99000
9,99000
9,99000
9,99000
9,99000
9,99000
9,99000
9,99000
9,112000
9,95000
9,95000
9,95000
9,95000
9,95000
9,125000
9,125000
9,125000
9,125000
9,125000
9,125000
9,125000
9,125000
9,125000
9,125000
9,125000
9,125000
9,140000
9,140000
9,140000
9,140000
9,140000
9,140000
9,140000
9,140000
9,140000
9,140000
9,140000
9,140000
9,140000
9,140000
9,140000
9,140000
9,140000
9,140000
9,140000
9,140000
9,140000
9,140000
9,140000
9,140000
9,130000
9,130000
9,130000
9,130000
9,130000
9,130000
9,130000
9,130000
9,130000
9,130000
9,130000
9,130000
9,130000
9,130000
9,130000
9,130000
9,130000
9,130000
9,130000
9,120000
9,130000
9,130000
9,130000
9,130000
9,130000
9,130000
9,130000
9,130000
9,120000
9,130000
9,130000
9,130000
9,130000
9,130000
9,130000
9,130000
9,120000
9,130000
9,130000
9,130000
9,130000
9,130000
9,130000
9,130000
9,125000
9,135000
9,145000
9,145000
9,135000
9,145000
9,135000
9,145000
9,135000
9,145000
9,135000
9,145000
9,135000
9,145000
9,135000
9,145000
9,135000
9,145000
9,135000
9,145000
9,135000
9,145000
9,135000
9,145000
9,135000
9,145000
9,135000
9,145000
9,135000
9,145000
9,135000
9,145000
9,135000
9,145000
9,95000
9,95000
9,95000
9,95000
9,95000
9,95000
9,95000
9,95000
9,95000
9,95000
9,95000
9,95000
9,95000
9,95000
9,95000
9,95000
9,95000
9,95000
9,95000
10,110000
10,65000
10,90000
10,95000
10,95000
10,90000
10,120000
10,55000
10,80000
10,80000
10,120000
10,120000
10,120000
10,120000
10,110000
10,120000
10,110000
10,110000
10,193000
10,193000
10,195000
10,195000
10,190000
10,195000
10,190000
10,195000
10,190000
10,195000
10,190000
10,195000
10,190000
10,155000
10,155000
10,155000
10,155000
10,155000
10,155000
10,155000
10,155000
10,155000
10,155000
10,155000
10,155000
10,155000
10,155000
10,155000
10,155000
10,155000
10,150000
10,150000
10,150000
10,150000
10,150000
10,149217
10,163398
10,152039
10,114776
10,94502
10,149217
10,163398
10,152039
10,114776
10,94502
10,126593
10,151901
10,112439
10,119419
10,128712
10,123386
10,130355
10,117314
10,160000
10,126520
10,113334
10,128999
10,126520
10,113334
10,128999
10,126520
10,113334
10,128999
10,100000
10,110000
10,105000
10,105000
10,105000
10,105000
10,110000
10,105000
10,105000
10,105000
10,105000
10,110000
10,110000
10,110000
10,110000
10,110000
10,110000
10,110000
10,110000
10,110000
10,110000
10,110000
10,110000
10,110000
10,110000
10,110000
10,110000
10,110000
10,110000
10,110000
10,110000
10,110000
10,110000
10,110000
10,110000
10,113000
10,113000
10,113000
10,113000
10,113000
10,113000
10,113000
10,113000
10,110000
10,105000
10,110000
10,110000
10,105000
10,110000
10,110000
10,130000
10,130000
10,130000
10,130000
10,130000
10,130000
10,130000
10,130000
10,130000
10,130000
10,130000
10,130000
10,155000
10,155000
10,155000
10,155000
10,155000
10,155000
10,155000
10,155000
10,155000
10,155000
10,155000
10,155000
10,155000
10,155000
10,155000
10,155000
10,155000
10,155000
10,130000
10,150000
10,150000
10,130000
10,150000
10,150000
10,130000
10,150000
10,150000
10,130000
10,150000
10,150000
10,130000
10,150000
10,150000
10,150000
10,150000
10,150000
10,150000
10,150000
10,150000
10,150000
10,145000
10,100000
10,100000
10,100000
10,100000
10,100000
10,100000
10,100000
10,100000
11,110000
11,120000
11,70000
11,120000
11,80000
11,120000
11,90000
11,105000
11,95000
11,95000
11,198000
11,198000
11,198000
11,198000
11,198000
11,198000
11,198000
11,198000
11,198000
11,198000
11,198000
11,198000
11,198000
11,198000
11,198000
11,198000
11,198000
11,196000
11,198000
11,198000
11,198000
11,198000
11,198000
11,198000
11,198000
11,198000
11,198000
11,198000
11,198000
11,198000
11,196000
11,198000
11,198000
11,198000
11,198000
11,198000
11,198000
11,198000
11,198000
11,198000
11,198000
11,198000
11,198000
11,198000
11,185000
11,190000
11,195000
11,195000
11,195000
11,195000
11,195000
11,195000
11,195000
11,195000
11,195000
11,195000
11,195000
11,195000
11,195000
11,165000
11,170000
11,165000
11,160000
11,170000
11,170000
11,170000
11,170000
11,170000
11,170000
11,170000
11,170000
11,170000
11,170000
11,165000
11,170000
11,170000
11,170000
11,170000
11,170000
11,165000
11,160000
11,165000
11,160000
11,165000
11,160000
11,165000
11,160000
11,165000
11,160000
11,165000
11,160000
11,155000
11,170000
11,170000
11,170000
11,160000
11,160000
11,160000
11,160000
11,160000
11,160000
11,103947
11,128078
11,103947
11,128078
11,137775
11,136285
11,129686
11,160000
11,150000
11,160000
11,160000
11,160000
11,160000
11,160000
11,138859
11,151078
11,136662
11,136062
11,136062
11,138859
11,151078
11,136662
11,136062
11,136062
11,138859
11,151078
11,136662
11,134979
11,134482
11,160000
11,160000
11,160000
11,160000
11,160000
11,160000
11,160000
11,160000
11,160000
11,160000
11,160000
11,160000
11,160000
11,110000
11,115000
11,115000
11,115000
11,115000
11,115000
11,115000
11,115000
11,115000
11,115000
11,115000
11,115000
11,115000
11,120000
11,120000
11,120000
11,120000
11,120000
11,120000
11,120000
11,120000
11,120000
11,120000
11,120000
11,120000
11,120000
11,120000
11,120000
11,120000
11,120000
11,120000
11,120000
11,120000
11,120000
11,120000
11,120000
11,120000
11,120000
11,120000
11,120000
11,120000
11,120000
11,120000
11,120000
11,117000
11,117000
11,117000
11,117000
11,117000
11,117000
11,117000
11,117000
11,119000
11,119000
11,119000
11,119000
11,119000
11,119000
11,119000
11,119000
11,119000
11,119000
11,119000
11,119000
11,119000
11,119000
11,119000
11,119000
11,100000
11,100000
11,135000
11,135000
11,135000
11,135000
11,135000
11,135000
11,135000
11,135000
11,135000
11,135000
11,135000
11,135000
11,160000
11,160000
11,160000
11,160000
11,160000
11,160000
11,160000
11,160000
11,160000
11,160000
11,160000
11,160000
11,160000
11,160000
11,160000
11,160000
11,160000
11,160000
11,160000
11,160000
11,160000
11,160000
11,160000
11,160000
11,160000
11,160000
11,160000
11,160000
11,160000
11,160000
11,160000
11,160000
11,160000
11,160000
11,160000
11,160000
11,160000
11,160000
11,160000
11,160000
11,160000
11,160000
11,160000
11,160000
11,170000
11,170000
11,170000
11,170000
11,170000
11,170000
11,170000
11,170000
11,170000
11,150000
11,160000
11,160000
11,160000
11,160000
11,160000
11,160000
11,160000
11,150000
11,150000
11,160000
11,160000
11,160000
11,160000
11,160000
11,160000
11,160000
11,150000
11,150000
11,160000
11,160000
11,160000
11,160000
11,160000
11,160000
11,160000
11,155000
11,110000
11,110000
11,110000
11,110000
11,110000
12,120000
12,115000
12,60000
12,80000
12,65000
12,100000
12,90000
12,95000
12,100000
12,110000
12,130000
12,120000
12,130000
12,130000
12,130000
12,196000
12,196000
12,196000
12,196000
12,196000
12,196000
12,196000
12,196000
12,196000
12,196000
12,196000
12,196000
12,195000
12,190000
12,190000
12,195000
12,190000
12,195000
12,190000
12,195000
12,190000
12,195000
12,190000
12,195000
12,175000
12,170000
12,170000
12,160000
12,175000
12,170000
12,165000
12,170000
12,170000
12,170000
12,165000
12,165000
12,170000
12,165000
12,160000
12,170000
12,160000
12,160000
12,160000
12,160000
12,160000
12,170000
12,160000
12,160000
12,160000
12,160000
12,160000
12,160000
12,160000
12,160000
12,160000
12,160000
12,160000
12,160000
12,160000
12,160000
12,160000
12,160000
12,160000
12,160000
12,160000
12,160000
12,160000
12,160000
12,160000
12,160000
12,160000
12,160000
12,160000
12,160000
12,160000
12,160000
12,160000
12,160000
12,160000
12,160000
12,170000
12,170000
12,170000
12,170000
12,170000
12,170000
12,170000
12,169159
12,166375
12,160976
12,169159
12,166375
12,160976
12,131960
12,141735
12,170000
12,170000
12,170000
12,170000
12,170000
12,170000
12,137878
12,132442
12,137878
12,132442
12,137878
12,132442
12,130356
12,170000
12,170000
12,170000
12,170000
12,170000
12,170000
12,170000
12,170000
12,170000
12,170000
12,170000
12,170000
12,170000
12,170000
12,170000
12,120000
12,120000
12,120000
12,120000
12,120000
12,120000
12,120000
12,120000
12,120000
12,120000
12,120000
12,120000
12,120000
12,120000
12,130000
12,130000
12,130000
12,130000
12,130000
12,130000
12,130000
12,130000
12,130000
12,130000
12,130000
12,122000
12,122000
12,122000
12,122000
12,122000
12,122000
12,122000
12,125000
12,125000
12,125000
12,125000
12,125000
12,125000
12,125000
12,125000
12,120000
12,110000
12,110000
12,140000
12,140000
12,140000
12,140000
12,140000
12,140000
12,140000
12,140000
12,140000
12,140000
12,140000
12,140000
12,170000
12,170000
12,170000
12,170000
12,170000
12,170000
12,170000
12,170000
12,170000
12,170000
12,170000
12,170000
12,170000
12,170000
12,170000
12,170000
12,170000
12,170000
12,170000
12,170000
12,150000
12,150000
12,150000
12,150000
12,150000
12,150000
12,150000
12,150000
12,150000
12,160000
12,160000
12,160000
12,160000
12,160000
12,160000
12,160000
12,160000
12,170000
12,170000
12,170000
12,170000
12,170000
12,170000
12,170000
12,170000
12,170000
12,170000
12,170000
12,170000
12,170000
12,170000
12,170000
12,170000
12,170000
12,170000
12,170000
12,170000
12,170000
12,170000
12,170000
12,170000
12,160000
12,175000
12,170000
12,170000
12,170000
12,170000
12,170000
12,170000
12,170000
12,175000
12,170000
12,170000
12,170000
12,170000
12,170000
12,170000
12,170000
12,170000
12,120000
12,120000
12,120000
12,120000
12,120000
12,120000
12,120000
12,120000
12,120000
12,120000
12,120000
12,120000
12,120000
12,120000
12,120000
12,120000
12,120000
12,120000
12,120000
12,120000
12,120000
12,120000
13,140000
13,130000
13,80000
13,80000
13,110000
13,120000
13,120000
13,140000
13,140000
13,130000
13,130000
13,197000
13,180000
13,180000
13,185000
13,180000
13,185000
13,185000
13,185000
13,180000
13,185000
13,185000
13,180000
13,185000
13,185000
13,185000
13,185000
13,185000
13,185000
13,185000
13,180000
13,185000
13,185000
13,185000
13,185000
13,185000
13,185000
13,185000
13,185000
13,185000
13,185000
13,185000
13,185000
13,185000
13,185000
13,185000
13,185000
13,185000
13,185000
13,170000
13,170000
13,170000
13,170000
13,170000
13,170000
13,170000
13,170000
13,170000
13,170000
13,170000
13,170000
13,170000
13,170000
13,170000
13,170000
13,170000
13,170000
13,170000
13,170000
13,127346
13,138662
13,134858
13,127346
13,138662
13,134858
13,139413
13,146351
13,143814
13,137336
13,143885
13,170000
13,140010
13,147326
13,146508
13,146508
13,140010
13,147326
13,146508
13,146508
13,140010
13,147326
13,144647
13,131860
13,135378
13,130000
13,135000
13,135000
13,135000
13,135000
13,135000
13,135000
13,135000
13,135000
13,135000
13,135000
13,135000
13,135000
13,140000
13,140000
13,140000
13,140000
13,140000
13,140000
13,140000
13,140000
13,140000
13,140000
13,140000
13,140000
13,140000
13,140000
13,140000
13,140000
13,140000
13,140000
13,140000
13,140000
13,140000
13,140000
13,138000
13,127000
13,131000
13,131000
13,131000
13,131000
13,131000
13,131000
13,131000
13,131000
13,125000
13,125000
13,125000
13,125000
13,145000
13,145000
13,145000
13,145000
13,145000
13,145000
13,145000
13,145000
13,145000
13,145000
13,145000
13,145000
13,160000
13,160000
13,160000
13,160000
13,160000
13,160000
13,160000
13,160000
13,160000
13,180000
13,180000
13,180000
13,185000
13,185000
13,185000
13,185000
13,185000
13,185000
13,185000
13,185000
13,185000
13,185000
13,185000
13,185000
13,185000
13,185000
13,185000
13,185000
13,130000
13,130000
13,130000
13,130000
13,130000
13,130000
13,130000
13,130000
13,130000
13,130000
13,130000
13,130000
13,130000
13,130000
13,130000
13,130000
13,130000
13,130000
13,130000
13,130000
13,130000
13,130000
13,130000
13,130000
13,130000
13,130000
14,130000
14,115000
14,120000
14,100000
14,120000
14,110000
14,110000
14,130000
14,130000
14,130000
14,140000
14,150000
14,150000
14,195000
14,195000
14,195000
14,195000
14,195000
14,180000
14,185000
14,175000
14,170000
14,190000
14,175000
14,185000
14,170000
14,180000
14,185000
14,180000
14,175000
14,180000
14,185000
14,170000
14,185000
14,170000
14,180000
14,170000
14,170000
14,170000
14,180000
14,170000
14,180000
14,185000
14,180000
14,170000
14,170000
14,170000
14,170000
14,170000
14,170000
14,180000
14,180000
14,180000
14,180000
14,180000
14,180000
14,180000
14,190000
14,190000
14,190000
14,190000
14,190000
14,190000
14,190000
14,190000
14,190000
14,190000
14,190000
14,190000
14,190000
14,190000
14,190000
14,190000
14,190000
14,190000
14,190000
14,190000
14,190000
14,190000
14,190000
14,190000
14,180000
14,190000
14,190000
14,190000
14,180000
14,190000
14,190000
14,190000
14,180000
14,180000
14,180000
14,180000
14,180000
14,180000
14,180000
14,161393
14,119224
14,142360
14,161393
14,119224
14,142360
14,139095
14,163558
14,135853
14,180000
14,180000
14,180000
14,180000
14,180000
14,180000
14,163978
14,136449
14,136449
14,163978
14,136449
14,136449
14,163978
14,141090
14,147708
14,180000
14,180000
14,180000
14,180000
14,180000
14,180000
14,180000
14,180000
14,180000
14,180000
14,180000
14,180000
14,180000
14,180000
14,180000
14,140000
14,140000
14,140000
14,140000
14,140000
14,140000
14,140000
14,140000
14,140000
14,140000
14,140000
14,140000
14,140000
14,140000
14,140000
14,140000
14,140000
14,140000
14,140000
14,140000
14,146000
14,146000
14,146000
14,146000
14,146000
14,146000
14,146000
14,146000
14,130000
14,130000
14,130000
14,170000
14,170000
14,170000
14,170000
14,170000
14,170000
14,170000
14,170000
14,170000
14,170000
14,170000
14,170000
14,180000
14,180000
14,180000
14,180000
14,180000
14,180000
14,180000
14,180000
14,180000
14,190000
14,190000
14,190000
14,190000
14,190000
14,190000
14,190000
14,190000
14,190000
14,190000
14,190000
14,190000
14,190000
14,190000
14,190000
14,190000
14,190000
14,190000
14,190000
14,190000
14,190000
14,190000
14,190000
14,190000
14,195000
14,195000
14,195000
14,195000
14,195000
14,195000
14,195000
14,195000
14,185000
14,195000
14,195000
14,195000
14,195000
14,195000
14,195000
14,195000
14,195000
14,195000
14,140000
14,140000
14,140000
14,140000
14,140000
14,140000
14,140000
14,140000
14,140000
14,140000
14,140000
14,140000
14,140000
14,140000
14,140000
14,140000
14,140000
14,140000
14,140000
14,140000
14,140000
14,140000
14,140000
14,140000
15,150000
15,140000
15,80000
15,110000
15,65000
15,145000
15,150000
15,120000
15,150000
15,140000
15,150000
15,150000
15,150000
15,150000
15,150000
15,150000
15,198000
15,185000
15,185000
15,180000
15,185000
15,180000
15,185000
15,185000
15,185000
15,185000
15,185000
15,185000
15,185000
15,185000
15,185000
15,185000
15,185000
15,185000
15,185000
15,185000
15,185000
15,185000
15,185000
15,185000
15,185000
15,185000
15,180000
15,180000
15,180000
15,180000
15,180000
15,180000
15,180000
15,180000
15,180000
15,180000
15,180000
15,180000
15,134641
15,134641
15,170995
15,144496
15,143705
15,190000
15,171652
15,145052
15,171652
15,145052
15,171652
15,145052
15,148727
15,148437
15,150000
15,150000
15,150000
15,150000
15,150000
15,150000
15,150000
15,150000
15,150000
15,150000
15,150000
15,150000
15,150000
15,150000
15,150000
15,150000
15,150000
15,150000
15,150000
15,150000
15,150000
15,150000
15,150000
15,150000
15,150000
15,150000
15,150000
15,150000
15,150000
15,150000
15,155000
15,152000
15,152000
15,152000
15,152000
15,152000
15,152000
15,152000
15,152000
15,157000
15,157000
15,157000
15,157000
15,157000
15,157000
15,157000
15,157000
15,200000
15,200000
15,200000
15,210000
15,150000
15,150000
15,150000
15,150000
15,150000
15,150000
15,150000
15,150000
15,150000
15,150000
16,125000
16,180000
16,190000
16,220000
16,140000
16,150000
16,140000
16,130000
16,140000
16,150000
16,160000
16,150000
16,160000
16,160000
16,160000
16,160000
16,160000
16,160000
16,195000
16,190000
16,185000
16,190000
16,195000
16,190000
16,190000
16,190000
16,190000
16,190000
16,190000
16,190000
16,190000
16,190000
16,190000
16,190000
16,190000
16,190000
16,190000
16,190000
16,190000
16,190000
16,190000
16,190000
16,190000
16,190000
16,190000
16,190000
16,190000
16,190000
16,190000
16,190000
16,190000
16,190000
16,190000
16,190000
16,190000
16,190000
16,190000
16,190000
16,190000
16,190000
16,190000
16,185000
16,185000
16,185000
16,185000
16,185000
16,185000
16,185000
16,185000
16,185000
16,185000
16,185000
16,185000
16,185000
16,185000
16,185000
16,185000
16,185000
16,185000
16,185000
16,185000
16,185000
16,185000
16,185000
16,185000
16,185000
16,185000
16,185000
16,185000
16,185000
16,185000
16,185000
16,185000
16,185000
16,185000
16,185000
16,185000
16,185000
16,185000
16,185000
16,190000
16,185000
16,185000
16,185000
16,185000
16,185000
16,190000
16,185000
16,185000
16,185000
16,185000
16,200000
16,200000
16,200000
16,200000
16,200000
16,200000
16,138032
16,138286
16,138032
16,138286
16,149748
16,190000
16,200000
16,200000
16,200000
16,200000
16,200000
16,200000
16,150301
16,150301
16,150301
16,137489
16,154990
16,151310
16,200000
16,200000
16,200000
16,200000
16,200000
16,200000
16,200000
16,200000
16,200000
16,200000
16,200000
16,200000
16,200000
16,200000
16,140000
16,160000
16,160000
16,160000
16,160000
16,160000
16,160000
16,160000
16,160000
16,160000
16,160000
16,160000
16,160000
16,160000
16,160000
16,160000
16,160000
16,160000
16,160000
16,160000
16,160000
16,160000
16,160000
16,160000
16,160000
16,160000
16,162000
16,162000
16,162000
16,162000
16,162000
16,162000
16,162000
16,162000
16,137000
16,200000
16,200000
16,200000
16,200000
16,200000
16,200000
16,200000
16,200000
16,210000
16,200000
16,200000
16,200000
16,200000
16,200000
16,200000
16,200000
16,210000
16,200000
16,200000
16,200000
16,200000
16,200000
16,200000
16,200000
16,210000
16,200000
16,200000
16,200000
16,200000
16,200000
16,200000
16,200000
16,215000
16,215000
16,215000
16,215000
16,215000
16,215000
16,215000
16,215000
16,215000
16,215000
16,215000
16,215000
16,215000
16,215000
16,215000
16,215000
16,215000
16,160000
16,160000
16,160000
16,160000
16,160000
16,160000
16,160000
16,160000
16,160000
17,140000
17,100000
17,155000
17,160000
17,160000
17,190000
17,195000
17,195000
17,200000
17,195000
17,195000
17,195000
17,190000
17,200000
17,195000
17,195000
17,195000
17,195000
17,195000
17,200000
17,195000
17,195000
17,195000
17,195000
17,195000
17,195000
17,195000
17,195000
17,195000
17,195000
17,195000
17,195000
17,195000
17,195000
17,195000
17,195000
17,195000
17,195000
17,195000
17,195000
17,195000
17,195000
17,195000
17,195000
17,195000
17,195000
17,195000
17,195000
17,195000
17,195000
17,195000
17,195000
17,195000
17,195000
17,195000
17,195000
17,195000
17,195000
17,195000
17,195000
17,195000
17,195000
17,195000
17,195000
17,195000
17,195000
17,195000
17,195000
17,195000
17,195000
17,195000
17,195000
17,195000
17,195000
17,195000
17,155414
17,155414
17,149198
17,151670
17,151670
17,151670
17,151670
17,168000
17,168000
17,168000
17,168000
17,168000
17,168000
17,168000
17,168000
17,179000
17,170000
17,170000
17,170000
17,170000
17,170000
17,170000
17,170000
17,170000
17,170000
17,170000
17,170000
17,170000
17,170000
17,170000
17,170000
18,140000
18,190000
18,150000
18,105000
18,110000
18,140000
18,150000
18,140000
18,160000
18,160000
18,160000
18,170000
18,170000
18,190000
18,195000
18,195000
18,195000
18,195000
18,195000
18,195000
18,200000
18,200000
18,195000
18,210000
18,210000
18,210000
18,210000
18,210000
18,210000
18,210000
18,210000
18,195000
18,195000
18,195000
18,200000
18,195000
18,195000
18,210000
18,210000
18,210000
18,210000
18,210000
18,210000
18,210000
18,148446
18,148446
18,161621
18,157872
18,210000
18,210000
18,210000
18,210000
18,210000
18,210000
18,210000
18,152168
18,162454
18,155795
18,155795
18,152168
18,162454
18,155795
18,155795
18,152168
18,162454
18,150901
18,152560
18,210000
18,210000
18,210000
18,210000
18,210000
18,210000
18,210000
18,210000
18,210000
18,210000
18,210000
18,210000
18,210000
18,210000
18,160000
18,180000
18,180000
18,180000
18,180000
18,180000
18,180000
18,180000
18,180000
18,180000
18,180000
18,180000
18,180000
18,180000
18,180000
18,180000
18,180000
18,170000
18,180000
18,182000
18,182000
18,182000
18,182000
18,182000
18,182000
18,182000
18,183000
18,183000
18,183000
18,183000
18,183000
18,183000
18,183000
18,180000
18,180000
18,180000
18,180000
18,180000
18,180000
18,180000
18,180000
18,180000
18,180000
18,180000
18,180000
19,190000
19,200000
19,120000
19,150000
19,140000
19,175000
19,170000
19,170000
19,150000
19,170000
19,170000
19,170000
19,180000
19,170000
19,170000
19,195000
19,200000
19,200000
19,200000
19,200000
19,200000
19,200000
19,200000
19,200000
19,200000
19,200000
19,200000
19,200000
19,200000
19,200000
19,200000
19,200000
19,200000
19,200000
19,210000
19,200000
19,200000
19,200000
19,210000
19,200000
19,200000
19,120177
19,172955
19,120177
19,172955
19,152203
19,155944
19,150248
19,176643
19,152944
19,163780
19,156486
19,150729
19,177347
19,177347
19,177347
19,163780
19,156486
19,150729
19,177347
19,177347
19,177347
19,163780
19,156486
19,150729
19,177347
19,152726
19,175684
19,190000
19,190000
19,190000
19,190000
19,190000
19,190000
19,190000
19,190000
19,174000
19,190000
19,190000
19,190000
19,190000
19,190000
19,190000
19,190000
19,190000
19,193000
19,185000
19,185000
19,185000
19,185000
19,185000
19,185000
19,185000
19,185000
19,185000
19,185000
19,190000
19,190000
19,190000
19,190000
19,190000
19,190000
19,190000
19,190000
19,190000
19,190000
19,190000
19,190000
19,190000
19,190000
19,190000
19,190000
19,190000
19,190000
19,190000
19,190000
19,190000
19,190000
19,190000
19,190000
19,190000
20,200000
20,170000
20,180000
20,110000
20,170000
20,135000
20,180000
20,170000
20,170000
20,170000
20,180000
20,180000
20,180000
20,200000
20,200000
20,200000
20,200000
20,210000
20,220000
20,139398
20,151315
20,139398
20,151315
20,167207
20,143084
20,150534
20,154281
20,220000
20,174938
20,167924
20,142421
20,174938
20,167924
20,142421
20,174938
20,167924
20,142421
20,162231
20,204000
20,204000
20,204000
20,204000
20,204000
20,204000
20,204000
20,204000
20,204000
20,204000
20,204000
20,204000
20,204000
20,204000
20,204000
20,200000
20,200000
20,200000
20,200000
20,200000
20,200000
20,200000
20,200000
21,160000
21,180000
21,135000
21,160000
21,175000
21,180000
21,190000
21,180000
21,180000
21,180000
21,180000
21,180000
21,180000
21,187081
21,185119
21,166512
21,187081
21,185119
21,166512
21,174305
21,173582
21,168906
21,187951
21,174821
21,174985
21,167015
21,180367
21,167015
21,180367
21,174821
21,174985
21,167015
21,180367
21,167015
21,180367
21,174821
21,174985
21,163209
21,170226
21,181285
21,177002
21,250000
22,180000
22,130000
22,160000
22,160000
22,130000
22,160000
22,180000
22,180000
22,180000
22,165919
22,181132
22,165919
22,181132
22,182237
22,171036
22,181902
22,174324
22,179045
22,171468
22,182506
22,178684
22,178684
22,171468
22,182506
22,178684
22,178684
22,171468
22,182506
22,182768
22,183530
22,168691
22,220000
22,220000
22,220000
22,220000
22,220000
22,220000
22,220000
22,220000
22,219000
22,219000
22,219000
22,219000
22,219000
22,219000
22,219000
22,219000
23,170000
23,185000
23,161568
23,175966
23,181699
23,181021
23,173851
23,161568
23,175966
23,181699
23,181021
23,173851
23,168304
23,174436
23,172925
23,182392
23,174336
23,185038
23,185038
23,182392
23,174336
23,185038
23,185038
23,182392
23,174336
23,185038
23,188288
23,183690
23,225000
23,225000
23,225000
23,225000
23,225000
23,225000
23,225000
23,225000
23,228000
24,250000
24,166828
24,184006
24,174726
24,178284
24,192756
24,184480
24,192756
24,184480
24,192756
24,192211
24,240000
24,240000
24,240000
24,240000
24,240000
24,240000
24,240000
24,240000
25,250000
25,170000
25,180000
25,181714
25,168287
25,154207
25,178859
25,181714
25,168287
25,154207
25,178859
25,192344
25,177177
25,179987
25,177913
25,166958
25,177862
25,179756
25,166958
25,177862
25,179756
25,166958
25,177862
25,179756
26,184816
26,185462
26,191159
26,185982
26,185982
26,185982
26,194638
27,190004
27,190004
27,180958
27,183417
27,186794
27,190596
27,190596
27,186794
27,190596
27,190596
27,186794
28,186963
28,193964
28,188484
28,186963
28,193964
28,188484
28,186610
28,187120
28,192292
28,191239
28,191239
28,192292
28,191239
28,191239
28,192292
28,182013
29,191915
29,158254
29,194214
29,190543
29,158966
29,194778
29,190543
29,158966
29,194778
29,190543
29,158966
29,194778
30,121450
30,121450
30,183138
30,183020
30,186321
30,184660
31,166109
31,166109
31,193746
31,191818
31,197354
32,195270
32,191510
32,191267
32,191267
32,195270
32,191510
32,191267
32,191267
32,195270
32,191510
33,179180
33,191790
33,188232
33,179180
33,191790
33,188232
34,188651
34,188651
